{
  "groups": [
    "Linkurious",
    "Auth",
    "Frontend",
    "Applications",
    "Graph",
    "Nodes",
    "Edges",
    "Schema",
    "Visualizations",
    "Search",
    "Alerts",
    "DataSources",
    "Users"
  ],
  "apis": {
    "Linkurious": [
      "Status",
      "Version",
      "DataSourcesStatus",
      "GetConfiguration",
      "UpdateConfiguration",
      "SaveEvent",
      "CreateReport",
      "CustomFiles",
      "RestartLinkurious"
    ],
    "Auth": [
      "Login",
      "LoginRedirect",
      "Logout",
      "IsAuthenticated",
      "GetCurrentUser",
      "UpdateCurrentUser",
      "LoginSSO"
    ],
    "Frontend": [
      "OpenSandbox",
      "OpenVisualization",
      "OpenGuestSandbox",
      "OpenGuestVisualization",
      "OpenWidget"
    ],
    "Applications": [
      "GetApplications",
      "CreateApplication",
      "UpdateApplication"
    ],
    "Graph": [
      "GetGraphQuery",
      "GetAllGraphQueries",
      "CreateGraphQuery",
      "UpdateGraphQuery",
      "DeleteGraphQuery",
      "RunGraphQueryByContent",
      "RunGraphQueryById",
      "CheckGraphQuery",
      "AlertPreview"
    ],
    "Nodes": [
      "GetNode",
      "CreateNode",
      "UpdateNode",
      "DeleteNode",
      "GetNodesCount",
      "GetNeighborsStatistics",
      "GetAdjacentGraph"
    ],
    "Edges": [
      "GetEdge",
      "CreateEdge",
      "UpdateEdge",
      "DeleteEdge",
      "GetEdgesCount"
    ],
    "Schema": [
      "StartSchemaSampling",
      "GetSamplingStatus",
      "StopSchemaSampling",
      "GetAdminGraphSchema",
      "GetGraphSchema",
      "GetSimpleSchema",
      "CreateGraphSchemaType",
      "UpdateGraphSchemaType",
      "CreateGraphSchemaProperty",
      "UpdateGraphSchemaProperty",
      "UpdateGraphSchemaSettings"
    ],
    "Visualizations": [
      "GetVisualization",
      "CreateVisualization",
      "UpdateVisualization",
      "DeleteVisualization",
      "GetVisualizationCount",
      "DuplicateVisualization",
      "getVisualizationTree",
      "createVisualizationFolder",
      "updateVisualizationFolder",
      "deleteVisualizationFolder",
      "visualizationShares",
      "setVisualizationShare",
      "deleteVisualizationShare",
      "sharedVisualizations",
      "getSandbox",
      "updateSandbox",
      "getWidgetByKey",
      "createVisualizationWidget",
      "updateVisualizationWidget",
      "deleteVisualizationWidget"
    ],
    "Search": [
      "StartIndexation",
      "GetIndexationStatus",
      "SearchAndAddSubGraph",
      "Search"
    ],
    "Alerts": [
      "CreateAlert",
      "UpdateAlert",
      "DeleteAlert",
      "CreateAlertFolder",
      "UpdateAlertFolder",
      "DeleteAlertFolder",
      "GetAlertTree",
      "GetAlert",
      "GetMatch",
      "GetMatches",
      "GetMatchActions",
      "DoMatchAction"
    ],
    "DataSources": [
      "ReconnectSource",
      "ResetSourceStyles",
      "SetDefaultSourceStyles",
      "getNoIndexNodeProperties",
      "getNoIndexEdgeProperties",
      "setNoIndexNodeProperties",
      "setNoIndexEdgeProperties",
      "getAllSourceInfo",
      "createSourceConfig",
      "deleteSourceConfig",
      "deleteSourceData"
    ],
    "Users": [
      "GetUser",
      "GetUsers",
      "CreateUser",
      "UpdateUser",
      "DeleteUser",
      "GetGroup",
      "GetGroups",
      "GetGroupNames",
      "CreateGroup",
      "RenameGroup",
      "DeleteGroup",
      "GetAccessRightsInfo",
      "PutAccessRights",
      "DeleteAccessRight",
      "MergeVisualizations"
    ]
  }
}
