{
  "name": "linkurious-server",
  "version": "2.8.1",
  "description": "Backend server of Linkurious",
  "header": {
    "content": "<h1>Linkurious REST API documentation</h1>\n<p>The Linkurious REST API is the core way to interact with the Linkurious server.</p>\n<p>You can find examples on how to use our APIs here:\n<a href=\"https://github.com/Linkurious/linkurious-api-examples\">Linkurious/linkurious-api-examples</a></p>\n<h2>Requests</h2>\n<p>All API access occur over HTTP (or HTTPS, if enabled).\nAll data is sent and received as <strong>JSON</strong>.\nWe use <a href=\"http://www.w3.org/Protocols/rfc2616/rfc2616-sec10.html\">HTTP response codes</a> (and a few code extensions from <a href=\"http://www.webdav.org/specs/rfc4918.html#status.code.extensions.to.http11\">RFC 4918</a>) to indicate API errors.\nThe base URL for each API method looks like the following:</p>\n<pre><code>http://yourdomain.com/api/service/method?parameters\n</code></pre>\n<p>or, if the service is relevant to a given <strong>dataSource</strong>:</p>\n<pre><code>http://yourdomain.com/api/:dataSource/service/method?parameters\n</code></pre>\n<p>Where possible, our API try to use the appropriate HTTP verb for each action:</p>\n<table>\n    <tr>\n        <th>Verb</th>\n        <th>Description</th>\n    </tr>\n    <tr>\n        <td><p><code>GET</code></p></td>\n        <td>Used for retrieving resources</td>\n    </tr>\n    <tr>\n        <td><p><code>POST</code></p></td>\n        <td>Used for creating resources</td>\n    </tr>\n    <tr>\n        <td><p><code>PATCH</code></p></td>\n        <td>Used for updating resources</td>\n    </tr>\n    <tr>\n        <td><p><code>PUT</code></p></td>\n        <td>Used for replacing resources</td>\n    </tr>\n    <tr>\n        <td><p><code>DELETE</code></p></td>\n        <td>Used for deleting resources</td>\n    </tr>\n</table>\n<h2>Parameters</h2>\n<p>In <code>GET</code> requests, any parameter not specified as a segment in the path can be passed as an <strong>HTTP query string</strong> parameter.</p>\n<p>For example, in the <code>GET /api/:dataSource/graph/nodes/:id</code> we will have the parameters <code>dataSource</code> and <code>id</code>, but\nwe can also specify the optional <code>with_edges</code> parameter as such:</p>\n<pre><code>http://yourdomain.com/api/a2e3c50f/graph/nodes/2?with_edges=true\n</code></pre>\n<p>In <code>POST</code>, <code>PATCH</code>, <code>PUT</code> and <code>DELETE</code> requests, any parameter not included in the URL is supposed to be sent in the <strong>JSON request body</strong>.</p>\n<h2>Successful responses</h2>\n<p>The HTTP status codes <strong>200</strong>, <strong>201</strong> or <strong>204</strong> indicates a successful response, for example:</p>\n<pre class=\"prettyprint language-json prettyprinted\" data-type=\"json\" style=\"\"><code><span class=\"pln\">HTTP</span><span class=\"pun\">/</span><span class=\"lit\">1.1</span><span class=\"pln\"> </span><span class=\"lit\">200</span><span class=\"pln\"> OK\n</span><span class=\"pun\">{</span><span class=\"pln\">\n  </span><span class=\"str\">\"status\"</span><span class=\"pun\">:</span><span class=\"pln\"> </span><span class=\"pun\">{</span><span class=\"pln\">\n    </span><span class=\"str\">\"code\"</span><span class=\"pun\">:</span><span class=\"pln\"> </span><span class=\"lit\">200</span><span class=\"pun\">,</span><span class=\"pln\">\n    </span><span class=\"str\">\"name\"</span><span class=\"pun\">:</span><span class=\"pln\"> </span><span class=\"str\">\"initialized\"</span><span class=\"pun\">,</span><span class=\"pln\">\n    </span><span class=\"str\">\"message\"</span><span class=\"pun\">:</span><span class=\"pln\"> </span><span class=\"str\">\"Linkurious ready to go :)\"</span><span class=\"pun\">,</span><span class=\"pln\">\n    </span><span class=\"str\">\"uptime\"</span><span class=\"pun\">:</span><span class=\"pln\"> </span><span class=\"lit\">122</span><span class=\"pln\">\n  </span><span class=\"pun\">}</span><span class=\"pln\">\n</span><span class=\"pun\">}</span></code></pre>\n<h2>Errors</h2>\n<p>HTTP status codes greater than or equal to <strong>400</strong> indicates an error.\nThe response contains an error <strong>key</strong> and a human-readable <strong>message</strong>, for example:</p>\n<pre class=\"prettyprint language-json prettyprinted\" data-type=\"json\" style=\"\"><code><span class=\"pln\">HTTP</span><span class=\"pun\">/</span><span class=\"lit\">1.1</span><span class=\"pln\"> </span><span class=\"lit\">401</span><span class=\"pln\"> </span><span class=\"typ\">Unauthorized</span><span class=\"pln\">\n</span><span class=\"pun\">{</span><span class=\"pln\">\n  </span><span class=\"str\">\"key\"</span><span class=\"pun\">:</span><span class=\"pln\"> </span><span class=\"str\">\"unauthorized\"</span><span class=\"pun\">,</span><span class=\"pln\">\n  </span><span class=\"str\">\"message\"</span><span class=\"pun\">:</span><span class=\"pln\"> </span><span class=\"str\">\"Unauthorized.\"</span><span class=\"pln\">\n</span><span class=\"pun\">}</span></code></pre>\n<p>Possible errors can be:</p>\n<table>\n    <tr>\n        <th>Error key</th>\n        <th>HTTP Code</th>\n        <th>Description</th>\n    </tr>\n    <tr>\n        <td class=\"code\">invalid_parameter</td>\n        <td>400</td>\n        <td>A parameter provided to the API does not have the expected type/value</td>\n    </tr>\n    <tr>\n        <td class=\"code\">missing_field</td>\n        <td>400</td>\n        <td>A required parameter provided to the API is missing</td>\n    </tr>\n    <tr>\n        <td class=\"code\">conflict_parameter</td>\n        <td>400</td>\n        <td>Two (or more) parameters of an API are mutually exclusive and they should not be passed together</td>\n    </tr>\n    <tr>\n        <td class=\"code\">unauthorized</td>\n        <td>401</td>\n        <td>The current action required to be authenticated</td>\n    </tr>\n    <tr>\n        <td class=\"code\">readonly_right</td>\n        <td>403</td>\n        <td>You do not have the right to edit</td>\n    </tr>\n    <tr>\n        <td class=\"code\">not_found</td>\n        <td>404</td>\n        <td>The target of the API was not found</td>\n    </tr>\n    <tr>\n        <td class=\"code\">node_not_found</td>\n        <td>404</td>\n        <td>The node selected with this API was not found</td>\n    </tr>\n    <tr>\n       <td class=\"code\">critical</td>\n       <td>500</td>\n       <td>An unexpected technical error has occurred</td>\n    </tr>\n</table>\n<p><a name='guest'></a></p>\n<div style='margin-top: 120px;'></div>\n<h2>Guest mode</h2>\n<p>When guest mode is enabled in the configuration, some APIs (explicitly marked with the <code>guest user</code> permission) can be\nused without being authenticated by adding the <strong>HTTP query string</strong> parameter <code>guest</code> with the value\n<code>true</code>, e.g.:</p>\n<pre><code>http://yourdomain.com/api/auth/me?guest=true\n</code></pre>\n<h2>Feedback</h2>\n<p>Send us bug reports, feedback or questions at <a href=\"support@linkurio.us\">support@linkurio.us</a></p>\n"
  },
  "template": {
    "forceLanguage": "en",
    "withCompare": false
  },
  "sampleUrl": false,
  "apidoc": "0.2.0",
  "generator": {
    "name": "apidoc",
    "time": "2019-09-10T13:50:54.070Z",
    "url": "http://apidocjs.com",
    "version": "0.16.1"
  }
}
